{
  "service": {
    "service": "rds-lambda-db-provisioner",
    "serviceObject": {
      "name": "rds-lambda-db-provisioner"
    },
    "provider": {
      "name": "aws",
      "runtime": "python3.8",
      "lambdaHashingVersion": "20201221",
      "stage": "dev",
      "variableSyntax": "\\${([^{}:]+?(?:\\(|:)(?:[^:{}][^{}]*?)?)}",
      "region": "us-east-1",
      "versionFunctions": true,
      "compiledCloudFormationTemplate": {
        "AWSTemplateFormatVersion": "2010-09-09",
        "Description": "The AWS CloudFormation template for this Serverless application",
        "Resources": {
          "ServerlessDeploymentBucket": {
            "Type": "AWS::S3::Bucket",
            "Properties": {
              "BucketEncryption": {
                "ServerSideEncryptionConfiguration": [
                  {
                    "ServerSideEncryptionByDefault": {
                      "SSEAlgorithm": "AES256"
                    }
                  }
                ]
              }
            }
          },
          "ServerlessDeploymentBucketPolicy": {
            "Type": "AWS::S3::BucketPolicy",
            "Properties": {
              "Bucket": {
                "Ref": "ServerlessDeploymentBucket"
              },
              "PolicyDocument": {
                "Statement": [
                  {
                    "Action": "s3:*",
                    "Effect": "Deny",
                    "Principal": "*",
                    "Resource": [
                      {
                        "Fn::Join": [
                          "",
                          [
                            "arn:",
                            {
                              "Ref": "AWS::Partition"
                            },
                            ":s3:::",
                            {
                              "Ref": "ServerlessDeploymentBucket"
                            },
                            "/*"
                          ]
                        ]
                      },
                      {
                        "Fn::Join": [
                          "",
                          [
                            "arn:",
                            {
                              "Ref": "AWS::Partition"
                            },
                            ":s3:::",
                            {
                              "Ref": "ServerlessDeploymentBucket"
                            }
                          ]
                        ]
                      }
                    ],
                    "Condition": {
                      "Bool": {
                        "aws:SecureTransport": false
                      }
                    }
                  }
                ]
              }
            }
          },
          "RdsDashlambdaDashdbDashprovisionerLogGroup": {
            "Type": "AWS::Logs::LogGroup",
            "Properties": {
              "LogGroupName": "/aws/lambda/rds-lambda-db-provisioner-dev-rds-lambda-db-provisioner"
            }
          },
          "IamRoleLambdaExecution": {
            "Type": "AWS::IAM::Role",
            "Properties": {
              "AssumeRolePolicyDocument": {
                "Version": "2012-10-17",
                "Statement": [
                  {
                    "Effect": "Allow",
                    "Principal": {
                      "Service": [
                        "lambda.amazonaws.com"
                      ]
                    },
                    "Action": [
                      "sts:AssumeRole"
                    ]
                  }
                ]
              },
              "Policies": [
                {
                  "PolicyName": {
                    "Fn::Join": [
                      "-",
                      [
                        "rds-lambda-db-provisioner",
                        "dev",
                        "lambda"
                      ]
                    ]
                  },
                  "PolicyDocument": {
                    "Version": "2012-10-17",
                    "Statement": [
                      {
                        "Effect": "Allow",
                        "Action": [
                          "logs:CreateLogStream",
                          "logs:CreateLogGroup"
                        ],
                        "Resource": [
                          {
                            "Fn::Sub": "arn:${AWS::Partition}:logs:${AWS::Region}:${AWS::AccountId}:log-group:/aws/lambda/rds-lambda-db-provisioner-dev*:*"
                          }
                        ]
                      },
                      {
                        "Effect": "Allow",
                        "Action": [
                          "logs:PutLogEvents"
                        ],
                        "Resource": [
                          {
                            "Fn::Sub": "arn:${AWS::Partition}:logs:${AWS::Region}:${AWS::AccountId}:log-group:/aws/lambda/rds-lambda-db-provisioner-dev*:*:*"
                          }
                        ]
                      }
                    ]
                  }
                }
              ],
              "Path": "/",
              "RoleName": {
                "Fn::Join": [
                  "-",
                  [
                    "rds-lambda-db-provisioner",
                    "dev",
                    {
                      "Ref": "AWS::Region"
                    },
                    "lambdaRole"
                  ]
                ]
              }
            }
          },
          "RdsDashlambdaDashdbDashprovisionerLambdaFunction": {
            "Type": "AWS::Lambda::Function",
            "Properties": {
              "Code": {
                "S3Bucket": {
                  "Ref": "ServerlessDeploymentBucket"
                },
                "S3Key": "serverless/rds-lambda-db-provisioner/dev/1619210643507-2021-04-23T20:44:03.507Z/rds-lambda-db-provisioner.zip"
              },
              "Handler": "main.lambda_handler",
              "Runtime": "python3.8",
              "FunctionName": "rds-lambda-db-provisioner-dev-rds-lambda-db-provisioner",
              "MemorySize": 1024,
              "Timeout": 6,
              "Role": {
                "Fn::GetAtt": [
                  "IamRoleLambdaExecution",
                  "Arn"
                ]
              }
            },
            "DependsOn": [
              "RdsDashlambdaDashdbDashprovisionerLogGroup"
            ]
          },
          "RdsDashlambdaDashdbDashprovisionerLambdaVersiont8XGOL3cBX7GbGr7QekZ6hniZCdAe3NYUQk6jfcQ": {
            "Type": "AWS::Lambda::Version",
            "DeletionPolicy": "Retain",
            "Properties": {
              "FunctionName": {
                "Ref": "RdsDashlambdaDashdbDashprovisionerLambdaFunction"
              },
              "CodeSha256": "6yEEy6aGPkvyM7h5O+Ohp4ri1e3toBBco6LkjNZCVqg="
            }
          }
        },
        "Outputs": {
          "ServerlessDeploymentBucketName": {
            "Value": {
              "Ref": "ServerlessDeploymentBucket"
            }
          },
          "RdsDashlambdaDashdbDashprovisionerLambdaFunctionQualifiedArn": {
            "Description": "Current Lambda function version",
            "Value": {
              "Ref": "RdsDashlambdaDashdbDashprovisionerLambdaVersiont8XGOL3cBX7GbGr7QekZ6hniZCdAe3NYUQk6jfcQ"
            }
          }
        }
      },
      "coreCloudFormationTemplate": {
        "AWSTemplateFormatVersion": "2010-09-09",
        "Description": "The AWS CloudFormation template for this Serverless application",
        "Resources": {
          "ServerlessDeploymentBucket": {
            "Type": "AWS::S3::Bucket",
            "Properties": {
              "BucketEncryption": {
                "ServerSideEncryptionConfiguration": [
                  {
                    "ServerSideEncryptionByDefault": {
                      "SSEAlgorithm": "AES256"
                    }
                  }
                ]
              }
            }
          },
          "ServerlessDeploymentBucketPolicy": {
            "Type": "AWS::S3::BucketPolicy",
            "Properties": {
              "Bucket": {
                "Ref": "ServerlessDeploymentBucket"
              },
              "PolicyDocument": {
                "Statement": [
                  {
                    "Action": "s3:*",
                    "Effect": "Deny",
                    "Principal": "*",
                    "Resource": [
                      {
                        "Fn::Join": [
                          "",
                          [
                            "arn:",
                            {
                              "Ref": "AWS::Partition"
                            },
                            ":s3:::",
                            {
                              "Ref": "ServerlessDeploymentBucket"
                            },
                            "/*"
                          ]
                        ]
                      },
                      {
                        "Fn::Join": [
                          "",
                          [
                            "arn:",
                            {
                              "Ref": "AWS::Partition"
                            },
                            ":s3:::",
                            {
                              "Ref": "ServerlessDeploymentBucket"
                            }
                          ]
                        ]
                      }
                    ],
                    "Condition": {
                      "Bool": {
                        "aws:SecureTransport": false
                      }
                    }
                  }
                ]
              }
            }
          }
        },
        "Outputs": {
          "ServerlessDeploymentBucketName": {
            "Value": {
              "Ref": "ServerlessDeploymentBucket"
            }
          }
        }
      },
      "vpc": {}
    },
    "custom": {
      "pythonRequirements": {
        "usePoetry": false
      }
    },
    "plugins": [
      "serverless-python-requirements"
    ],
    "pluginsData": {},
    "functions": {
      "rds-lambda-db-provisioner": {
        "handler": "main.lambda_handler",
        "events": [],
        "name": "rds-lambda-db-provisioner-dev-rds-lambda-db-provisioner",
        "module": ".",
        "package": {
          "artifact": "/home/rockwell/Projects/misc/aws-rds-lambda-db-provisioner/source-code/.serverless/rds-lambda-db-provisioner.zip"
        },
        "memory": 1024,
        "timeout": 6,
        "runtime": "python3.8",
        "vpc": {},
        "versionLogicalId": "RdsDashlambdaDashdbDashprovisionerLambdaVersiont8XGOL3cBX7GbGr7QekZ6hniZCdAe3NYUQk6jfcQ"
      }
    },
    "configValidationMode": "warn",
    "serviceFilename": "serverless.yml",
    "layers": {},
    "initialServerlessConfig": {
      "service": {
        "$ref": "$[\"service\"][\"serviceObject\"]"
      },
      "frameworkVersion": "2",
      "provider": {
        "$ref": "$[\"service\"][\"provider\"]"
      },
      "package": {
        "individually": true,
        "patterns": [
          "./**",
          "!node_modules",
          "!.npmignore",
          "!package.json",
          "!package-lock.json",
          "!serverless.yml"
        ],
        "artifactDirectoryName": "serverless/rds-lambda-db-provisioner/dev/1619210643507-2021-04-23T20:44:03.507Z"
      },
      "functions": {
        "$ref": "$[\"service\"][\"functions\"]"
      },
      "plugins": {
        "$ref": "$[\"service\"][\"plugins\"]"
      },
      "custom": {
        "$ref": "$[\"service\"][\"custom\"]"
      }
    },
    "isDashboardMonitoringPreconfigured": false
  },
  "package": {
    "individually": true,
    "artifactDirectoryName": "serverless/rds-lambda-db-provisioner/dev/1619210643507-2021-04-23T20:44:03.507Z",
    "artifact": ""
  }
}